participant_id,predicted_label
Cfwaf5FX7jWK,0.0
vhGrzmvA3Hjq,0.0
ULliyEXjy4OV,0.0
LZfeAb1xMtql,0.0
EnFOUv0YK1RG,0.0
3VbkvJ22j9Fu,0.0
PRKZcnOgqcuk,0.0
DuVUuyMZi5qV,1.0
uM4etVLZrgMg,0.0
BpzyExrET5ta,1.0
sAqeb6F4lz97,0.0
u7XOOvHirIx7,1.0
aEPm4bEQvbYi,0.0
Fj9A5PWsIWKT,0.0
19mb5yGJigtw,0.0
v1nMpCoLGU0V,1.0
hRPuz4zpsEbw,0.0
mT8A6xa1O4Ro,0.0
4QBTjDoVpVt6,1.0
0X2H4LroxZcw,0.0
9CH7UxXuznUa,0.0
nU73zzjTnr4A,1.0
uEZHGukIUQ0k,1.0
jCzQwkpfgZyQ,0.0
Ljvrs76QJuI5,1.0
IbF3zW0Wbx4Q,0.0
UHnGiDNksa0x,0.0
yYjiJsx8PM48,0.0
1j28gfEoCQ3o,0.0
dC5XvD5A3tqo,1.0
5irK4m6otW7R,0.0
88IME13c7xDB,0.0
GYQvyFy7QF7z,0.0
rZ4Djyg4w7Yv,0.0
g7OzSuPQs2wx,0.0
7gx6bnmZrxKv,0.0
sslRc6ajaOkD,1.0
h5xmGEy5uNA9,0.0
sQaDS15dgJw7,1.0
erkdzShJ7zHD,0.0
xb3e1IzlY1QV,0.0
hAY3GGKYCKNz,0.0
Qf7YnjK9A9Nr,0.0
pJXKagbu6k5J,0.0
GusOn8clPEcS,0.0
HynLNt7eOUu6,0.0
VHaWyqk3brmj,0.0
XsnFuC5RuxEj,1.0
fJ18nx0flUWU,1.0
z0TcjaAHc8af,0.0
cwhzTO0Vu9fs,0.0
FJ14ni1wdpx0,0.0
LbvK4T5h6Bgg,0.0
g8nC5onuX4Iu,0.0
X8fHsDpoMCrc,0.0
9MLL7pYQEsHg,1.0
Rl4ewZ2JsYiu,1.0
NPqPE9t9ANPY,0.0
xdNPzLAsxshh,0.0
Fkys1lBZ0EYl,0.0
9bB7cb8GIt55,1.0
S2aUm7iSCh8K,1.0
uMXsb9zvFhZG,0.0
WswtU2xjkwrJ,0.0
NUD1SQ26nGwx,0.0
1lqQa6Bvsvgo,0.0
nLIxzOqeY0F8,0.0
ZnpZwNyveSC1,0.0
g065FaS0cDJw,0.0
5nPxL5XWeWqT,0.0
PXgJvd8UZ9fe,0.0
bRHXqarRnTOl,0.0
iC4lUrNmd76W,1.0
e5PO7MIzpSKp,0.0
iQ5WKoVa0Oe8,1.0
1zYwUOsWtWUO,0.0
9dIzgZgU0t2O,0.0
FZZFnxIITvIb,0.0
UZ4wZJktSjXM,0.0
47cpL5bSIaes,0.0
cD8B0lz9W1Cc,0.0
RBUqOe8h6Rjz,1.0
xMcjmmscXHRg,0.0
zIkbsyNlTbCK,0.0
eqXWWdeNFQoH,1.0
FUBvB3niWLlN,0.0
RZKV9tFLkC9q,0.0
YX2nejjQrjTE,0.0
9uCWNQLzILyS,0.0
PJvfoHAcsFop,1.0
rsQPeuxeuzFN,0.0
xgRkRXFj22eG,0.0
NSvVb4rAbXKU,0.0
rY7ztwsrfyfe,1.0
0idudG3MZeOR,0.0
tbZrR9R4zdPW,0.0
mmW5cD4mDCyK,1.0
FvnoZ1q1rX2c,1.0
rIE98UuGpsXN,0.0
a4NfOjK4u0pw,1.0
x0tFPjGEtTDo,0.0
Lf1aRmgJMGzn,0.0
qxDaOMmN2fGr,0.0
jZz3FS9Lxw7Y,0.0
EQdMyNMDvWuv,0.0
fpbYYqEmKmBP,0.0
Ljl0uwPY3cHC,0.0
h5uHyT7ZsggG,0.0
REHeZZWpqbXA,0.0
WDaVjmgqDtdH,0.0
JPbjWX5WRMo5,0.0
m4i3mVopmQND,0.0
8js31yKXtVtT,1.0
ThzfJlzfC5zm,1.0
PKmY55L3l7nh,1.0
EjMbGKIXc6xh,0.0
hRtu2jZGjsqu,1.0
wE08jf7axl4G,0.0
oFqFWjZvQpdq,0.0
rZRMMWCz9o54,0.0
7bH7tOSH8tyL,1.0
VsAjWDqZH10d,0.0
mca5wy8JcazG,0.0
LsErFKyD0Amx,0.0
7v5DsWe80ek1,0.0
idllOUP39Yoy,0.0
Wm8vHtUOTSdK,1.0
lIo1EopEayvT,0.0
ceMWzYEKDxGS,0.0
RfNlGWXzHH3K,0.0
nLaCfgOfeeux,0.0
hHbDtQpct0sM,0.0
xctrrQN3v50J,0.0
sdJvoGXQsxzG,0.0
na1higV3BYix,0.0
iUhm6elzNZnR,0.0
IDLPcayOzo7t,0.0
Z0CZjkr8SDlo,0.0
ddE1W1SfgV7E,0.0
duMJcIFRvvUn,1.0
Ya9QbWu9Oyj7,0.0
aJeuvuedrbei,0.0
rUXfpz4ZIVqs,0.0
66ATazbm1n2H,0.0
gf8iAJH7Y6LW,0.0
T3jFzkEFn2lB,0.0
eAEV7RHPm4gn,0.0
MOjMYkTSkCT0,0.0
fLsk0v5A9QWD,0.0
e4u1878wt5Vu,0.0
ZssVYalOAWOn,0.0
eFGeJZyaYTfW,1.0
DgwxZPoFWSFV,0.0
vCYoh5kuBxBn,0.0
DkwrzlcjCXzl,0.0
pQk5LK9WWNlU,0.0
4TfoOtVqQGIS,0.0
xm87i9BWm3LH,0.0
HfAWB7M67jZ7,1.0
CHEK30GPB53F,0.0
0ImS6uhE3Ie9,0.0
x2HGm8Cdw3pH,0.0
rUhntCqf0veY,0.0
lviw20KdXmyz,1.0
EUN1xz5MmK3h,0.0
JHgSIO5g9kyN,0.0
HuavjkfJT3Ra,0.0
jRKvisBZEvMV,0.0
T7MMp5ZjZIP7,0.0
7Y5dXDvM5JlW,0.0
xsEm3scLKQqx,0.0
CZ6cLlIFT8C7,0.0
Nm0QSvXNt8IL,0.0
ZVJtXjkAAp8k,0.0
kxJ2iDDo7le7,0.0
KlEGztcVpqQM,0.0
SEpZVWxwPwzJ,1.0
3ex9wBx3bXzf,1.0
GtKTU9RdYH88,0.0
pXjemmrXv9XU,1.0
G4HH3C3252g1,1.0
i103EbS97ZlA,0.0
V62GcAZSGGHt,0.0
7uXcG7moAMys,0.0
MGSeDY5xsLcH,0.0
HEv7u3wwBUID,1.0
0joIpvJZmHlM,1.0
R1WkyITqb6j5,0.0
y1YkOqsv0518,0.0
8uNQKfpBZKGT,0.0
FMKnba82Blol,1.0
JOL7WOOECWqz,0.0
c4XMogBDs3JV,0.0
Aqr7TbYLogDt,1.0
cWVOYIyTGoPW,0.0
5F9KuchRWc28,0.0
GpBWQZEEB8Na,0.0
1nuCB3iu56Ao,0.0
tcKZk7TJNjXP,0.0
Bf8xkS0DgEdq,0.0
UOohdAfiU2WX,0.0
CdwfVAJW6U21,0.0
K3TeYDSt1D69,1.0
7UT8iirSGhRL,0.0
q4kyWzfZIqDG,0.0
06HFIpqKfXy9,0.0
ZjFv6ztsCBLY,0.0
rpLRzoX7qzUA,1.0
tgxIaIPsvpIG,0.0
iq3Izns35R7e,0.0
rcUdzoimoCO3,0.0
RlH1HdX1zOXp,0.0
sPSXo6gaMyoT,0.0
i4PoyNNskpN2,0.0
NppPTQNMYrDr,0.0
b2MRYJQHtN4Q,1.0
Z1USdfsVnnjw,1.0
Cm1JesyqVvvU,1.0
wfHMTWwtSFnV,0.0
ZH3fhLHNBy2N,0.0
zHoI2y6ghT8f,1.0
5gde2X56TEaV,0.0
h1NsELdECZtN,0.0
WVyjBIVNp84k,0.0
I7wdCrc41LkV,0.0
dYeoDCtqrZOk,0.0
gTo2ZwRYwLIM,0.0
cS46aS2dNkWt,0.0
0Dua0TUw4sNZ,0.0
Bct9jCffkwTU,0.0
0wdp92SlZ6os,0.0
3ymvGMbsXkDa,0.0
3CHeLp88N9PU,0.0
3GuHHSzexdrD,0.0
BxG4CGNyBthY,0.0
r1kJWdiLnlzB,0.0
PHcnlHPVth3A,0.0
JjO5xmUVZlHV,0.0
uhrbzFdVttif,0.0
vFUC44u3e6yc,0.0
KK1MoDOaknzz,0.0
xeGDqEHl50Pe,1.0
MbnL2SsZ3SfN,0.0
lzsnunuLD5E9,0.0
ypPOBnAE3X5L,1.0
t6Yc857Xm0G1,0.0
IFfLWRuXYCud,1.0
mMKlS7Xx90To,0.0
4SP0VjzBYTnA,1.0
6g9qhyTboWDX,0.0
zoCHkxMZDLeD,0.0
J6jcTOKF9FKI,0.0
knYPTVqlhOOe,1.0
6mGSjnkluhCm,0.0
CHK7PetkESpw,0.0
KOhyaYYWH4J7,0.0
0VHL9SCh2TfC,0.0
kA6qrwNv3TVN,0.0
mby0aqc4xfJt,0.0
ukPFRpacqtjF,0.0
JDCneyZ2d8oS,0.0
frwFik2vzPpk,0.0
MdR8Vu1UGsUh,0.0
fQDGE3yvi8JG,0.0
cMG1xz902zCv,0.0
czseCZwxGu9b,0.0
EqjgIpp1uQFT,0.0
SU2iR4dZt71Q,0.0
Y8y8VL92UXUp,0.0
iIM7qDzkFHrK,1.0
tcvQwlcXDrjM,0.0
E5WW2AJI3cmY,1.0
so28UOwqRGcv,1.0
JhsrI2yTZUCS,1.0
pVZ5eyvBxRXh,0.0
8OuOUWiYizQT,0.0
22mg5880yUSV,1.0
OCfNYCcRM3dw,0.0
PDtAgNUCR1F1,0.0
nJJWVTrUPKHh,0.0
8GLRwVrATqDq,1.0
geK1iR863siE,0.0
9OsyiuTB9ARL,0.0
ZoX0gx0mL2fe,0.0
7U96jnm3G0nL,0.0
8RcAlHO2Z7Z5,0.0
Il8Z3DuXaX9D,0.0
Jv1UeLkc4beo,0.0
8EcGmW8AXSPl,0.0
uHEISY6Pnlzm,0.0
AlhAMyz7XRmc,0.0
jqVfgp32Kynb,1.0
kkMmh1GtzDLA,1.0
Oyju5jxQgUSe,0.0
xGcOyShOcPRs,1.0
DaveDB2gyn6A,0.0
OuMuraCnt34F,0.0
R5GuhuSlgOO7,0.0
ZrhtdcUFpSDs,0.0
UadZfjdEg7eG,1.0
IUEHiLmQAqCi,0.0
cRySmCadYFRO,0.0
E3MvDUtJadc5,1.0
dQJXfyRazknD,1.0
