participant_id,ADHD_pred
Cfwaf5FX7jWK,1
vhGrzmvA3Hjq,0
ULliyEXjy4OV,0
LZfeAb1xMtql,1
EnFOUv0YK1RG,1
3VbkvJ22j9Fu,0
PRKZcnOgqcuk,1
DuVUuyMZi5qV,1
uM4etVLZrgMg,1
BpzyExrET5ta,1
sAqeb6F4lz97,1
u7XOOvHirIx7,1
aEPm4bEQvbYi,1
Fj9A5PWsIWKT,1
19mb5yGJigtw,1
v1nMpCoLGU0V,1
hRPuz4zpsEbw,1
mT8A6xa1O4Ro,1
4QBTjDoVpVt6,1
0X2H4LroxZcw,1
9CH7UxXuznUa,1
nU73zzjTnr4A,0
uEZHGukIUQ0k,0
jCzQwkpfgZyQ,0
Ljvrs76QJuI5,0
IbF3zW0Wbx4Q,1
UHnGiDNksa0x,1
yYjiJsx8PM48,0
1j28gfEoCQ3o,0
dC5XvD5A3tqo,1
5irK4m6otW7R,1
88IME13c7xDB,1
GYQvyFy7QF7z,0
rZ4Djyg4w7Yv,1
g7OzSuPQs2wx,0
7gx6bnmZrxKv,1
sslRc6ajaOkD,0
h5xmGEy5uNA9,1
sQaDS15dgJw7,0
erkdzShJ7zHD,0
xb3e1IzlY1QV,0
hAY3GGKYCKNz,1
Qf7YnjK9A9Nr,1
pJXKagbu6k5J,1
GusOn8clPEcS,0
HynLNt7eOUu6,1
VHaWyqk3brmj,0
XsnFuC5RuxEj,1
fJ18nx0flUWU,0
z0TcjaAHc8af,0
cwhzTO0Vu9fs,1
FJ14ni1wdpx0,1
LbvK4T5h6Bgg,1
g8nC5onuX4Iu,1
X8fHsDpoMCrc,0
9MLL7pYQEsHg,1
Rl4ewZ2JsYiu,0
NPqPE9t9ANPY,1
xdNPzLAsxshh,1
Fkys1lBZ0EYl,1
9bB7cb8GIt55,1
S2aUm7iSCh8K,0
uMXsb9zvFhZG,0
WswtU2xjkwrJ,1
NUD1SQ26nGwx,1
1lqQa6Bvsvgo,1
nLIxzOqeY0F8,0
ZnpZwNyveSC1,1
g065FaS0cDJw,1
5nPxL5XWeWqT,1
PXgJvd8UZ9fe,1
bRHXqarRnTOl,1
iC4lUrNmd76W,1
e5PO7MIzpSKp,1
iQ5WKoVa0Oe8,1
1zYwUOsWtWUO,1
9dIzgZgU0t2O,0
FZZFnxIITvIb,1
UZ4wZJktSjXM,0
47cpL5bSIaes,1
cD8B0lz9W1Cc,1
RBUqOe8h6Rjz,1
xMcjmmscXHRg,1
zIkbsyNlTbCK,0
eqXWWdeNFQoH,0
FUBvB3niWLlN,0
RZKV9tFLkC9q,1
YX2nejjQrjTE,0
9uCWNQLzILyS,1
PJvfoHAcsFop,0
rsQPeuxeuzFN,0
xgRkRXFj22eG,1
NSvVb4rAbXKU,0
rY7ztwsrfyfe,1
0idudG3MZeOR,1
tbZrR9R4zdPW,1
mmW5cD4mDCyK,0
FvnoZ1q1rX2c,1
rIE98UuGpsXN,0
a4NfOjK4u0pw,1
x0tFPjGEtTDo,1
Lf1aRmgJMGzn,1
qxDaOMmN2fGr,1
jZz3FS9Lxw7Y,0
EQdMyNMDvWuv,1
fpbYYqEmKmBP,1
Ljl0uwPY3cHC,1
h5uHyT7ZsggG,1
REHeZZWpqbXA,1
WDaVjmgqDtdH,1
JPbjWX5WRMo5,1
m4i3mVopmQND,1
8js31yKXtVtT,0
ThzfJlzfC5zm,1
PKmY55L3l7nh,1
EjMbGKIXc6xh,0
hRtu2jZGjsqu,1
wE08jf7axl4G,1
oFqFWjZvQpdq,1
rZRMMWCz9o54,1
7bH7tOSH8tyL,1
VsAjWDqZH10d,1
mca5wy8JcazG,1
LsErFKyD0Amx,1
7v5DsWe80ek1,1
idllOUP39Yoy,0
Wm8vHtUOTSdK,1
lIo1EopEayvT,1
ceMWzYEKDxGS,1
RfNlGWXzHH3K,0
nLaCfgOfeeux,0
hHbDtQpct0sM,1
xctrrQN3v50J,0
sdJvoGXQsxzG,1
na1higV3BYix,1
iUhm6elzNZnR,0
IDLPcayOzo7t,1
Z0CZjkr8SDlo,1
ddE1W1SfgV7E,1
duMJcIFRvvUn,0
Ya9QbWu9Oyj7,0
aJeuvuedrbei,0
rUXfpz4ZIVqs,0
66ATazbm1n2H,1
gf8iAJH7Y6LW,0
T3jFzkEFn2lB,1
eAEV7RHPm4gn,1
MOjMYkTSkCT0,1
fLsk0v5A9QWD,1
e4u1878wt5Vu,1
ZssVYalOAWOn,1
eFGeJZyaYTfW,1
DgwxZPoFWSFV,1
vCYoh5kuBxBn,1
DkwrzlcjCXzl,1
pQk5LK9WWNlU,1
4TfoOtVqQGIS,1
xm87i9BWm3LH,0
HfAWB7M67jZ7,0
CHEK30GPB53F,0
0ImS6uhE3Ie9,0
x2HGm8Cdw3pH,1
rUhntCqf0veY,1
lviw20KdXmyz,0
EUN1xz5MmK3h,1
JHgSIO5g9kyN,1
HuavjkfJT3Ra,1
jRKvisBZEvMV,0
T7MMp5ZjZIP7,0
7Y5dXDvM5JlW,1
xsEm3scLKQqx,1
CZ6cLlIFT8C7,1
Nm0QSvXNt8IL,1
ZVJtXjkAAp8k,1
kxJ2iDDo7le7,1
KlEGztcVpqQM,0
SEpZVWxwPwzJ,1
3ex9wBx3bXzf,1
GtKTU9RdYH88,1
pXjemmrXv9XU,1
G4HH3C3252g1,0
i103EbS97ZlA,1
V62GcAZSGGHt,1
7uXcG7moAMys,1
MGSeDY5xsLcH,1
HEv7u3wwBUID,0
0joIpvJZmHlM,1
R1WkyITqb6j5,1
y1YkOqsv0518,1
8uNQKfpBZKGT,0
FMKnba82Blol,1
JOL7WOOECWqz,1
c4XMogBDs3JV,1
Aqr7TbYLogDt,0
cWVOYIyTGoPW,1
5F9KuchRWc28,1
GpBWQZEEB8Na,1
1nuCB3iu56Ao,1
tcKZk7TJNjXP,1
Bf8xkS0DgEdq,1
UOohdAfiU2WX,1
CdwfVAJW6U21,1
K3TeYDSt1D69,1
7UT8iirSGhRL,1
q4kyWzfZIqDG,1
06HFIpqKfXy9,1
ZjFv6ztsCBLY,0
rpLRzoX7qzUA,0
tgxIaIPsvpIG,1
iq3Izns35R7e,1
rcUdzoimoCO3,1
RlH1HdX1zOXp,1
sPSXo6gaMyoT,1
i4PoyNNskpN2,1
NppPTQNMYrDr,0
b2MRYJQHtN4Q,1
Z1USdfsVnnjw,0
Cm1JesyqVvvU,0
wfHMTWwtSFnV,0
ZH3fhLHNBy2N,0
zHoI2y6ghT8f,0
5gde2X56TEaV,1
h1NsELdECZtN,0
WVyjBIVNp84k,1
I7wdCrc41LkV,1
dYeoDCtqrZOk,1
gTo2ZwRYwLIM,0
cS46aS2dNkWt,1
0Dua0TUw4sNZ,1
Bct9jCffkwTU,1
0wdp92SlZ6os,1
3ymvGMbsXkDa,1
3CHeLp88N9PU,1
3GuHHSzexdrD,1
BxG4CGNyBthY,1
r1kJWdiLnlzB,1
PHcnlHPVth3A,0
JjO5xmUVZlHV,1
uhrbzFdVttif,1
vFUC44u3e6yc,1
KK1MoDOaknzz,1
xeGDqEHl50Pe,1
MbnL2SsZ3SfN,0
lzsnunuLD5E9,1
ypPOBnAE3X5L,1
t6Yc857Xm0G1,1
IFfLWRuXYCud,1
mMKlS7Xx90To,0
4SP0VjzBYTnA,1
6g9qhyTboWDX,1
zoCHkxMZDLeD,1
J6jcTOKF9FKI,0
knYPTVqlhOOe,1
6mGSjnkluhCm,0
CHK7PetkESpw,1
KOhyaYYWH4J7,0
0VHL9SCh2TfC,1
kA6qrwNv3TVN,0
mby0aqc4xfJt,1
ukPFRpacqtjF,1
JDCneyZ2d8oS,1
frwFik2vzPpk,1
MdR8Vu1UGsUh,0
fQDGE3yvi8JG,1
cMG1xz902zCv,1
czseCZwxGu9b,0
EqjgIpp1uQFT,1
SU2iR4dZt71Q,0
Y8y8VL92UXUp,1
iIM7qDzkFHrK,1
tcvQwlcXDrjM,1
E5WW2AJI3cmY,1
so28UOwqRGcv,0
JhsrI2yTZUCS,0
pVZ5eyvBxRXh,1
8OuOUWiYizQT,1
22mg5880yUSV,0
OCfNYCcRM3dw,0
PDtAgNUCR1F1,1
nJJWVTrUPKHh,1
8GLRwVrATqDq,1
geK1iR863siE,1
9OsyiuTB9ARL,1
ZoX0gx0mL2fe,1
7U96jnm3G0nL,0
8RcAlHO2Z7Z5,0
Il8Z3DuXaX9D,1
Jv1UeLkc4beo,1
8EcGmW8AXSPl,1
uHEISY6Pnlzm,0
AlhAMyz7XRmc,0
jqVfgp32Kynb,0
kkMmh1GtzDLA,1
Oyju5jxQgUSe,1
xGcOyShOcPRs,1
DaveDB2gyn6A,1
OuMuraCnt34F,1
R5GuhuSlgOO7,1
ZrhtdcUFpSDs,1
UadZfjdEg7eG,1
IUEHiLmQAqCi,1
cRySmCadYFRO,1
E3MvDUtJadc5,1
dQJXfyRazknD,1
